Candidate ID,Name,Age,Email,Exam Subject
CAN2026-1001,Deborah King,21,garciaandrew@gmail.com,Machine Learning
CAN2026-1002,Kayla Austin,23,jwagner@yahoo.com,Cyber Security
CAN2026-1003,Brandon Garcia,28,uspencer@yahoo.com,Mathematics
CAN2026-1004,Jeremy Hill,20,howard09@hotmail.com,Machine Learning
CAN2026-1005,Linda Kim,27,uhubbard@hotmail.com,Data Structures
CAN2026-1006,Courtney Garcia,25,alvarezbrandon@gmail.com,Cyber Security
CAN2026-1007,Abigail Waller,34,buckanne@hotmail.com,Cyber Security
CAN2026-1008,Shane Sparks,22,garciaandrew@hotmail.com,Data Structures
CAN2026-1009,Robert Conrad,32,zbrooks@yahoo.com,Machine Learning
CAN2026-1010,Samantha Stewart,26,jordanmathew@gmail.com,Computer Science
CAN2026-1011,Donna Roberts,33,zsnyder@hotmail.com,Computer Science
CAN2026-1012,Brittany Singh,32,tracymurphy@gmail.com,Mathematics
CAN2026-1013,Nicole Armstrong,19,johnstonalicia@hotmail.com,Cyber Security
CAN2026-1014,Alicia Montoya,34,walkermary@hotmail.com,Computer Science
CAN2026-1015,Micheal Griffith,33,yfranco@yahoo.com,Mathematics
CAN2026-1016,Nicole Jones,31,meyerswesley@hotmail.com,Computer Science
CAN2026-1017,Christopher Moses,21,michelle81@hotmail.com,Machine Learning
CAN2026-1018,Megan Allen,18,michellejenkins@yahoo.com,Machine Learning
CAN2026-1019,Stephanie Anderson,22,mharmon@yahoo.com,Mathematics
CAN2026-1020,Robin Johnson,25,blacklisa@hotmail.com,Mathematics
